transaction_id,account_id,transaction_amount,merchant_category,transaction_type,location,timestamp
T0,A26,23995,Food,Debit,Bangalore,2026-02-23 10:43:12.352293
T1,A65,9255,Shopping,Debit,Mumbai,2025-10-15 10:43:12.352466
T2,A4,31983,Shopping,Debit,Mumbai,2025-08-31 10:43:12.352497
T3,A28,43294,Shopping,Credit,Bangalore,2025-08-08 10:43:12.352511
T4,A36,43101,Bills,Debit,Chennai,2026-01-06 10:43:12.352524
T5,A37,1928,Travel,Credit,Chennai,2026-02-02 10:43:12.352538
T6,A82,45128,Travel,Debit,Mumbai,2025-09-02 10:43:12.352549
T7,A7,41998,Shopping,Credit,Bangalore,2025-08-05 10:43:12.352560
T8,A64,32223,Food,Credit,Mumbai,2025-07-30 10:43:12.352574
T9,A85,37673,Food,Credit,Bangalore,2025-05-24 10:43:12.352587
T10,A16,906,Travel,Debit,Chennai,2025-10-20 10:43:12.352598
T11,A70,41070,Food,Debit,Bangalore,2025-08-07 10:43:12.352611
T12,A88,29857,Travel,Credit,Chennai,2026-03-13 10:43:12.352623
T13,A44,34736,Shopping,Credit,Bangalore,2025-10-26 10:43:12.352634
T14,A3,14661,Travel,Credit,Mumbai,2026-03-24 10:43:12.352645
T15,A35,48380,Travel,Debit,Chennai,2025-07-18 10:43:12.352656
T16,A69,24362,Shopping,Debit,Mumbai,2025-12-01 10:43:12.352668
T17,A30,14999,Food,Debit,Mumbai,2025-06-25 10:43:12.352681
T18,A18,49088,Travel,Debit,Chennai,2025-07-07 10:43:12.352693
T19,A60,16034,Travel,Credit,Chennai,2026-01-19 10:43:12.352705
T20,A53,38297,Shopping,Credit,Mumbai,2026-02-18 10:43:12.352717
T21,A38,41944,Food,Debit,Mumbai,2025-05-08 10:43:12.352729
T22,A90,36432,Travel,Debit,Mumbai,2025-11-08 10:43:12.352742
T23,A73,34257,Shopping,Credit,Mumbai,2025-05-04 10:43:12.352880
T24,A89,11693,Travel,Debit,Chennai,2025-11-28 10:43:12.352914
T25,A18,40142,Bills,Debit,Chennai,2025-08-10 10:43:12.352929
T26,A38,17420,Shopping,Debit,Mumbai,2025-07-25 10:43:12.352944
T27,A66,27476,Food,Debit,Bangalore,2025-07-03 10:43:12.352959
T28,A44,43613,Food,Debit,Bangalore,2025-10-15 10:43:12.352971
T29,A12,14299,Food,Debit,Chennai,2025-06-20 10:43:12.355139
T30,A91,15976,Food,Credit,Mumbai,2025-07-03 10:43:12.355203
T31,A57,8345,Travel,Debit,Mumbai,2026-01-24 10:43:12.355230
T32,A19,7314,Travel,Debit,Chennai,2025-11-05 10:43:12.355254
T33,A91,826,Food,Credit,Bangalore,2025-12-27 10:43:12.355279
T34,A71,46700,Food,Credit,Bangalore,2025-04-29 10:43:12.355301
T35,A60,11462,Food,Credit,Bangalore,2025-10-19 10:43:12.355324
T36,A38,18397,Travel,Debit,Chennai,2025-09-25 10:43:12.355346
T37,A0,30548,Food,Credit,Bangalore,2025-08-07 10:43:12.355368
T38,A2,26272,Food,Debit,Chennai,2025-08-28 10:43:12.355389
T39,A76,42974,Bills,Debit,Chennai,2025-04-30 10:43:12.355410
T40,A91,7757,Bills,Debit,Mumbai,2026-04-17 10:43:12.355433
T41,A61,18950,Food,Credit,Bangalore,2025-09-24 10:43:12.355455
T42,A62,25525,Shopping,Credit,Chennai,2025-10-05 10:43:12.355479
T43,A24,26785,Food,Credit,Bangalore,2025-05-14 10:43:12.355501
T44,A55,47419,Bills,Credit,Bangalore,2025-12-16 10:43:12.355529
T45,A32,24678,Shopping,Credit,Mumbai,2025-12-03 10:43:12.355549
T46,A37,28931,Shopping,Debit,Bangalore,2025-05-16 10:43:12.355570
T47,A5,8006,Food,Debit,Mumbai,2026-03-26 10:43:12.355618
T48,A57,7387,Bills,Debit,Chennai,2026-02-11 10:43:12.355646
T49,A43,33760,Bills,Debit,Bangalore,2026-02-18 10:43:12.355666
T50,A44,10322,Shopping,Credit,Chennai,2026-03-22 10:43:12.355687
T51,A31,37543,Food,Credit,Bangalore,2026-04-01 10:43:12.355706
T52,A44,34801,Travel,Debit,Chennai,2025-10-31 10:43:12.355729
T53,A60,17864,Travel,Credit,Bangalore,2026-02-05 10:43:12.355750
T54,A46,44741,Bills,Credit,Bangalore,2026-02-18 10:43:12.355771
T55,A20,17774,Travel,Debit,Bangalore,2025-11-18 10:43:12.355791
T56,A79,18124,Bills,Debit,Bangalore,2025-07-18 10:43:12.355811
T57,A84,46107,Bills,Credit,Bangalore,2026-03-03 10:43:12.355834
T58,A74,23974,Bills,Credit,Bangalore,2025-09-21 10:43:12.356619
T59,A35,43742,Travel,Debit,Bangalore,2025-05-12 10:43:12.356746
T60,A98,32384,Bills,Debit,Bangalore,2025-12-02 10:43:12.356768
T61,A18,17702,Shopping,Debit,Bangalore,2025-12-31 10:43:12.356783
T62,A19,37884,Food,Credit,Chennai,2025-10-19 10:43:12.356797
T63,A56,23365,Food,Debit,Mumbai,2026-03-23 10:43:12.356810
T64,A17,26031,Bills,Debit,Bangalore,2025-10-05 10:43:12.356823
T65,A46,28941,Food,Credit,Mumbai,2025-10-11 10:43:12.356841
T66,A48,29292,Travel,Credit,Bangalore,2025-06-09 10:43:12.356854
T67,A13,46642,Travel,Credit,Bangalore,2026-02-28 10:43:12.356868
T68,A14,42620,Food,Credit,Chennai,2025-11-22 10:43:12.356881
T69,A30,15685,Travel,Credit,Chennai,2025-07-26 10:43:12.356894
T70,A0,25659,Food,Debit,Mumbai,2026-03-01 10:43:12.356907
T71,A53,40159,Food,Debit,Chennai,2025-08-17 10:43:12.356920
T72,A2,33842,Food,Credit,Chennai,2025-12-28 10:43:12.357014
T73,A15,4233,Bills,Credit,Mumbai,2025-11-01 10:43:12.357029
T74,A86,14763,Food,Credit,Chennai,2025-11-05 10:43:12.357041
T75,A56,21854,Bills,Credit,Bangalore,2026-04-06 10:43:12.357052
T76,A74,4072,Food,Credit,Mumbai,2025-09-29 10:43:12.357064
T77,A11,5395,Food,Debit,Mumbai,2025-07-06 10:43:12.357080
T78,A73,46781,Food,Debit,Bangalore,2025-10-13 10:43:12.357093
T79,A95,41973,Travel,Debit,Chennai,2025-11-16 10:43:12.357104
T80,A15,29225,Bills,Debit,Mumbai,2026-02-24 10:43:12.357115
T81,A71,41096,Bills,Credit,Mumbai,2025-10-20 10:43:12.357126
T82,A75,10003,Food,Debit,Bangalore,2025-09-22 10:43:12.357137
T83,A23,3120,Food,Credit,Bangalore,2026-02-04 10:43:12.357148
T84,A27,41855,Travel,Credit,Chennai,2025-07-17 10:43:12.357159
T85,A7,20520,Travel,Credit,Mumbai,2025-12-08 10:43:12.357172
T86,A91,21552,Travel,Debit,Chennai,2025-05-12 10:43:12.357184
T87,A35,45748,Bills,Credit,Chennai,2026-02-20 10:43:12.357195
T88,A89,38101,Bills,Debit,Bangalore,2025-05-10 10:43:12.357206
T89,A7,9616,Bills,Debit,Mumbai,2025-10-20 10:43:12.357217
T90,A57,47427,Food,Credit,Mumbai,2025-05-16 10:43:12.357228
T91,A59,49569,Bills,Credit,Mumbai,2025-06-03 10:43:12.357239
T92,A49,2496,Shopping,Credit,Bangalore,2026-02-15 10:43:12.357250
T93,A27,18646,Shopping,Debit,Bangalore,2025-05-28 10:43:12.357263
T94,A91,19229,Travel,Credit,Bangalore,2025-08-03 10:43:12.357275
T95,A40,1691,Bills,Debit,Bangalore,2025-10-09 10:43:12.357286
T96,A99,11403,Shopping,Credit,Bangalore,2025-11-28 10:43:12.357296
T97,A63,30661,Travel,Credit,Mumbai,2026-01-06 10:43:12.357307
T98,A26,6283,Bills,Debit,Chennai,2025-09-18 10:43:12.357318
T99,A62,26672,Food,Debit,Mumbai,2025-08-21 10:43:12.357329
T100,A16,34180,Shopping,Debit,Chennai,2025-09-23 10:43:12.357340
T101,A72,20795,Food,Debit,Bangalore,2026-01-17 10:43:12.357352
T102,A32,7414,Bills,Debit,Chennai,2025-11-29 10:43:12.357363
T103,A83,19723,Shopping,Debit,Mumbai,2025-12-29 10:43:12.357374
T104,A76,2239,Bills,Credit,Mumbai,2026-02-20 10:43:12.357386
T105,A91,47556,Food,Credit,Chennai,2026-03-08 10:43:12.357408
T106,A28,31390,Shopping,Debit,Bangalore,2025-09-25 10:43:12.357423
T107,A12,18188,Food,Credit,Bangalore,2025-07-26 10:43:12.357434
T108,A45,39792,Bills,Debit,Mumbai,2025-06-28 10:43:12.357445
T109,A34,33230,Bills,Credit,Chennai,2025-12-23 10:43:12.357458
T110,A5,32188,Food,Credit,Bangalore,2026-03-31 10:43:12.357470
T111,A81,26392,Shopping,Debit,Bangalore,2025-09-10 10:43:12.357481
T112,A68,46349,Food,Debit,Mumbai,2025-11-05 10:43:12.357493
T113,A46,20770,Bills,Debit,Bangalore,2025-12-10 10:43:12.357505
T114,A24,3838,Food,Credit,Chennai,2025-11-15 10:43:12.357517
T115,A65,2569,Bills,Debit,Mumbai,2025-10-18 10:43:12.357528
T116,A9,22634,Food,Credit,Mumbai,2026-01-20 10:43:12.357538
T117,A55,48974,Shopping,Debit,Chennai,2026-01-16 10:43:12.357549
T118,A29,49808,Shopping,Credit,Mumbai,2026-04-07 10:43:12.357562
T119,A4,9117,Food,Credit,Bangalore,2025-06-02 10:43:12.357574
T120,A32,2908,Food,Debit,Bangalore,2025-07-01 10:43:12.357590
T121,A64,49238,Shopping,Credit,Chennai,2025-09-02 10:43:12.357607
T122,A17,47738,Bills,Credit,Bangalore,2025-06-02 10:43:12.357619
T123,A95,12813,Shopping,Debit,Chennai,2025-07-02 10:43:12.357633
T124,A48,40429,Bills,Credit,Chennai,2026-03-25 10:43:12.357646
T125,A10,2819,Food,Debit,Bangalore,2026-02-04 10:43:12.357659
T126,A84,22990,Food,Debit,Chennai,2025-04-21 10:43:12.357673
T127,A25,11800,Bills,Debit,Bangalore,2025-06-25 10:43:12.357686
T128,A62,36609,Food,Debit,Mumbai,2025-11-21 10:43:12.357699
T129,A88,42634,Bills,Credit,Mumbai,2025-11-23 10:43:12.357714
T130,A85,36866,Travel,Credit,Chennai,2026-04-12 10:43:12.360028
T131,A58,26805,Shopping,Credit,Bangalore,2026-03-22 10:43:12.360158
T132,A26,18887,Travel,Debit,Bangalore,2025-06-28 10:43:12.360194
T133,A48,48945,Bills,Credit,Mumbai,2025-09-23 10:43:12.360221
T134,A76,26688,Shopping,Credit,Mumbai,2025-12-13 10:43:12.360245
T135,A32,26223,Bills,Debit,Bangalore,2025-05-15 10:43:12.360269
T136,A97,33162,Shopping,Debit,Chennai,2025-12-25 10:43:12.360294
T137,A98,10277,Shopping,Credit,Mumbai,2025-11-27 10:43:12.360316
T138,A0,21827,Shopping,Debit,Chennai,2025-06-06 10:43:12.360339
T139,A20,30320,Shopping,Debit,Chennai,2025-08-28 10:43:12.360363
T140,A54,9982,Bills,Debit,Mumbai,2026-04-13 10:43:12.360387
T141,A5,1236,Shopping,Debit,Chennai,2026-03-06 10:43:12.360410
T142,A91,34932,Shopping,Credit,Chennai,2025-08-24 10:43:12.360431
T143,A80,32066,Travel,Debit,Bangalore,2025-11-16 10:43:12.360454
T144,A68,7109,Food,Debit,Chennai,2025-10-21 10:43:12.360474
T145,A94,13087,Food,Debit,Bangalore,2025-09-17 10:43:12.360496
T146,A4,37411,Travel,Debit,Mumbai,2026-01-22 10:43:12.360519
T147,A2,31675,Travel,Debit,Mumbai,2025-08-07 10:43:12.360541
T148,A52,1107,Bills,Debit,Bangalore,2026-02-06 10:43:12.360563
T149,A22,5545,Bills,Debit,Mumbai,2025-10-23 10:43:12.360594
T150,A52,10806,Bills,Debit,Chennai,2025-09-20 10:43:12.360622
T151,A36,47617,Travel,Credit,Chennai,2025-07-01 10:43:12.360644
T152,A73,44586,Travel,Debit,Chennai,2025-08-29 10:43:12.360667
T153,A73,29357,Shopping,Credit,Mumbai,2025-08-24 10:43:12.360690
T154,A82,21836,Bills,Debit,Chennai,2025-09-09 10:43:12.360712
T155,A16,42307,Bills,Debit,Mumbai,2025-12-22 10:43:12.360833
T156,A84,13381,Bills,Debit,Chennai,2025-06-11 10:43:12.360857
T157,A77,1535,Food,Debit,Bangalore,2025-07-30 10:43:12.360881
T158,A72,33439,Shopping,Credit,Mumbai,2025-09-25 10:43:12.360902
T159,A0,35250,Bills,Debit,Mumbai,2026-01-15 10:43:12.360923
T160,A50,25921,Bills,Debit,Chennai,2025-09-10 10:43:12.360944
T161,A44,26760,Bills,Credit,Mumbai,2025-07-18 10:43:12.360965
T162,A76,5184,Food,Credit,Mumbai,2025-09-01 10:43:12.360986
T163,A3,16761,Food,Debit,Bangalore,2025-06-15 10:43:12.361007
T164,A61,13607,Travel,Credit,Bangalore,2025-12-22 10:43:12.361028
T165,A64,7159,Shopping,Credit,Chennai,2025-07-26 10:43:12.361050
T166,A31,18371,Travel,Credit,Bangalore,2025-07-21 10:43:12.361071
T167,A33,45639,Shopping,Debit,Chennai,2026-02-15 10:43:12.361094
T168,A91,7591,Food,Debit,Chennai,2025-06-26 10:43:12.361115
T169,A94,47395,Bills,Debit,Chennai,2025-05-05 10:43:12.361138
T170,A71,14959,Travel,Credit,Mumbai,2026-04-09 10:43:12.361160
T171,A38,8173,Bills,Debit,Bangalore,2026-01-12 10:43:12.361182
T172,A25,9177,Travel,Credit,Chennai,2026-02-08 10:43:12.361206
T173,A33,21053,Food,Debit,Bangalore,2025-04-21 10:43:12.361233
T174,A53,11483,Food,Debit,Chennai,2026-02-21 10:43:12.361258
T175,A2,49246,Food,Credit,Bangalore,2025-07-04 10:43:12.361281
T176,A49,2453,Travel,Debit,Bangalore,2025-08-12 10:43:12.361303
T177,A11,23921,Shopping,Credit,Chennai,2025-07-18 10:43:12.361325
T178,A64,37667,Travel,Credit,Mumbai,2026-03-01 10:43:12.361348
T179,A53,49938,Shopping,Debit,Bangalore,2025-04-27 10:43:12.361370
T180,A4,24960,Travel,Credit,Mumbai,2025-09-16 10:43:12.361393
T181,A93,21295,Travel,Debit,Mumbai,2026-02-27 10:43:12.361416
T182,A93,12039,Food,Debit,Chennai,2025-07-23 10:43:12.361440
T183,A56,25438,Bills,Credit,Chennai,2026-01-26 10:43:12.361463
T184,A16,21830,Bills,Debit,Chennai,2025-07-01 10:43:12.361486
T185,A46,21527,Shopping,Credit,Bangalore,2025-12-15 10:43:12.361508
T186,A22,35296,Bills,Debit,Chennai,2025-06-28 10:43:12.361530
T187,A78,27183,Travel,Debit,Chennai,2026-02-07 10:43:12.361555
T188,A84,21610,Travel,Debit,Bangalore,2025-06-28 10:43:12.361578
T189,A13,44164,Food,Debit,Bangalore,2025-08-27 10:43:12.361601
T190,A65,7913,Food,Debit,Chennai,2026-02-23 10:43:12.361626
T191,A74,31698,Bills,Credit,Chennai,2025-04-25 10:43:12.361651
T192,A50,47282,Shopping,Credit,Chennai,2025-12-31 10:43:12.361676
T193,A37,27670,Bills,Credit,Chennai,2025-10-10 10:43:12.361701
T194,A63,27182,Bills,Credit,Mumbai,2026-01-17 10:43:12.361816
T195,A97,29341,Bills,Credit,Mumbai,2025-05-05 10:43:12.361860
T196,A37,30778,Bills,Credit,Chennai,2026-02-23 10:43:12.361883
T197,A49,44669,Travel,Debit,Mumbai,2026-02-19 10:43:12.361906
T198,A97,11845,Shopping,Debit,Bangalore,2025-12-03 10:43:12.361927
T199,A81,26129,Travel,Credit,Mumbai,2026-03-12 10:43:12.361949
T200,A29,13125,Shopping,Credit,Mumbai,2026-03-23 10:43:12.361972
T201,A78,36224,Food,Debit,Chennai,2026-03-02 10:43:12.361998
T202,A90,14388,Bills,Debit,Mumbai,2025-12-16 10:43:12.362021
T203,A50,23750,Travel,Debit,Mumbai,2026-04-07 10:43:12.362043
T204,A62,6640,Shopping,Credit,Mumbai,2026-03-15 10:43:12.362066
T205,A97,32332,Food,Credit,Mumbai,2026-01-09 10:43:12.362088
T206,A51,16522,Food,Credit,Bangalore,2025-07-12 10:43:12.362110
T207,A37,3442,Bills,Debit,Chennai,2026-01-24 10:43:12.362272
T208,A96,41946,Shopping,Debit,Chennai,2026-04-16 10:43:12.362330
T209,A87,35712,Travel,Credit,Bangalore,2025-09-09 10:43:12.362344
T210,A78,10496,Bills,Credit,Mumbai,2025-05-17 10:43:12.362358
T211,A29,17582,Travel,Debit,Bangalore,2025-11-05 10:43:12.362373
T212,A50,23511,Food,Debit,Mumbai,2025-05-11 10:43:12.362388
T213,A80,46866,Travel,Debit,Bangalore,2025-07-16 10:43:12.362401
T214,A4,13361,Travel,Debit,Chennai,2025-12-11 10:43:12.362413
T215,A28,3193,Bills,Credit,Chennai,2026-03-20 10:43:12.362426
T216,A3,11822,Travel,Debit,Chennai,2026-04-09 10:43:12.362589
T217,A9,22142,Bills,Debit,Mumbai,2025-06-22 10:43:12.362615
T218,A55,44513,Food,Debit,Mumbai,2026-01-14 10:43:12.362629
T219,A16,47951,Bills,Credit,Bangalore,2025-10-12 10:43:12.362642
T220,A73,28187,Bills,Credit,Bangalore,2025-10-10 10:43:12.362654
T221,A16,32447,Shopping,Debit,Chennai,2025-07-28 10:43:12.362667
T222,A83,33856,Travel,Debit,Mumbai,2025-12-13 10:43:12.362681
T223,A87,39314,Food,Debit,Bangalore,2025-08-25 10:43:12.362692
T224,A68,16435,Bills,Credit,Mumbai,2025-04-30 10:43:12.362705
T225,A33,28702,Food,Credit,Mumbai,2025-12-29 10:43:12.362718
T226,A5,49001,Shopping,Credit,Chennai,2025-06-08 10:43:12.362730
T227,A52,34550,Travel,Debit,Chennai,2025-05-12 10:43:12.362744
T228,A65,32296,Bills,Credit,Mumbai,2025-11-26 10:43:12.362757
T229,A76,5726,Travel,Debit,Mumbai,2026-02-14 10:43:12.362770
T230,A42,7524,Shopping,Debit,Mumbai,2025-08-16 10:43:12.362784
T231,A74,12957,Shopping,Debit,Mumbai,2025-09-09 10:43:12.362797
T232,A22,45023,Food,Credit,Chennai,2025-06-11 10:43:12.362810
T233,A54,20082,Bills,Debit,Bangalore,2026-01-04 10:43:12.362832
T234,A79,11525,Food,Credit,Chennai,2025-10-21 10:43:12.362845
T235,A94,2080,Shopping,Credit,Bangalore,2025-10-18 10:43:12.362858
T236,A74,48390,Travel,Debit,Mumbai,2025-09-06 10:43:12.362871
T237,A15,26531,Food,Debit,Bangalore,2025-07-29 10:43:12.362885
T238,A7,19540,Food,Credit,Chennai,2025-07-16 10:43:12.362898
T239,A3,41852,Travel,Debit,Chennai,2026-01-21 10:43:12.362913
T240,A3,17275,Food,Credit,Mumbai,2025-10-26 10:43:12.362926
T241,A55,48751,Travel,Debit,Chennai,2026-04-02 10:43:12.362939
T242,A24,26485,Bills,Credit,Mumbai,2026-01-04 10:43:12.362951
T243,A66,38258,Travel,Credit,Chennai,2025-07-23 10:43:12.362965
T244,A95,23119,Bills,Credit,Chennai,2025-06-05 10:43:12.362978
T245,A66,18739,Travel,Credit,Mumbai,2025-11-04 10:43:12.362991
T246,A26,20094,Shopping,Debit,Bangalore,2026-04-07 10:43:12.363006
T247,A92,34475,Shopping,Debit,Chennai,2025-05-18 10:43:12.363022
T248,A31,21663,Bills,Credit,Bangalore,2026-03-19 10:43:12.363040
T249,A49,39441,Bills,Credit,Chennai,2026-03-11 10:43:12.363053
T250,A60,5876,Shopping,Debit,Chennai,2025-11-23 10:43:12.363068
T251,A50,36544,Bills,Debit,Chennai,2025-09-14 10:43:12.363083
T252,A18,3480,Travel,Debit,Chennai,2025-09-13 10:43:12.363098
T253,A20,8811,Travel,Debit,Bangalore,2026-01-28 10:43:12.363109
T254,A4,8882,Shopping,Debit,Bangalore,2025-05-22 10:43:12.363118
T255,A81,17534,Food,Debit,Chennai,2025-09-24 10:43:12.363127
T256,A91,46865,Travel,Credit,Chennai,2025-10-01 10:43:12.363134
T257,A41,20117,Bills,Debit,Bangalore,2025-05-23 10:43:12.363142
T258,A60,30807,Food,Debit,Mumbai,2026-03-13 10:43:12.363156
T259,A21,39210,Food,Credit,Mumbai,2025-09-21 10:43:12.363169
T260,A20,17443,Travel,Debit,Bangalore,2025-05-28 10:43:12.363182
T261,A69,38927,Travel,Debit,Chennai,2025-08-14 10:43:12.363196
T262,A0,41752,Food,Debit,Chennai,2025-09-05 10:43:12.363210
T263,A4,5755,Food,Debit,Mumbai,2026-03-03 10:43:12.363223
T264,A11,44959,Shopping,Debit,Mumbai,2026-04-02 10:43:12.363236
T265,A89,15351,Bills,Credit,Bangalore,2025-06-29 10:43:12.363250
T266,A45,626,Shopping,Debit,Mumbai,2025-10-06 10:43:12.363266
T267,A33,3324,Travel,Credit,Bangalore,2025-10-15 10:43:12.363281
T268,A48,47937,Shopping,Credit,Mumbai,2025-05-10 10:43:12.363295
T269,A77,11636,Shopping,Debit,Mumbai,2025-09-08 10:43:12.363315
T270,A89,28641,Shopping,Credit,Mumbai,2025-06-06 10:43:12.363325
T271,A44,13647,Shopping,Debit,Chennai,2025-05-18 10:43:12.363333
T272,A26,34631,Bills,Credit,Chennai,2025-09-03 10:43:12.363342
T273,A72,8812,Bills,Credit,Chennai,2026-02-02 10:43:12.363350
T274,A25,38665,Food,Debit,Mumbai,2025-10-14 10:43:12.363359
T275,A46,9308,Travel,Debit,Bangalore,2025-05-09 10:43:12.363366
T276,A85,5209,Shopping,Debit,Bangalore,2025-07-24 10:43:12.363376
T277,A55,49368,Food,Debit,Bangalore,2026-01-15 10:43:12.363390
T278,A93,35301,Food,Debit,Bangalore,2025-06-14 10:43:12.363403
T279,A62,17067,Food,Credit,Chennai,2025-12-09 10:43:12.363416
T280,A47,29859,Bills,Credit,Chennai,2026-03-12 10:43:12.363521
T281,A60,20272,Shopping,Credit,Mumbai,2026-02-07 10:43:12.363538
T282,A80,37035,Shopping,Credit,Mumbai,2025-07-13 10:43:12.363551
T283,A25,26689,Travel,Credit,Bangalore,2025-05-22 10:43:12.363565
T284,A35,30115,Shopping,Credit,Chennai,2025-11-11 10:43:12.363581
T285,A0,29109,Shopping,Credit,Bangalore,2025-10-15 10:43:12.363596
T286,A7,17873,Food,Debit,Mumbai,2025-10-11 10:43:12.363613
T287,A98,41225,Travel,Debit,Mumbai,2025-12-21 10:43:12.363626
T288,A51,26243,Shopping,Credit,Bangalore,2025-09-12 10:43:12.363638
T289,A78,6254,Bills,Credit,Mumbai,2026-02-26 10:43:12.363651
T290,A46,21904,Shopping,Debit,Bangalore,2025-09-10 10:43:12.363664
T291,A55,41788,Food,Debit,Chennai,2025-12-10 10:43:12.363678
T292,A85,20681,Bills,Debit,Bangalore,2025-08-26 10:43:12.363691
T293,A13,30187,Food,Debit,Chennai,2025-08-17 10:43:12.363766
T294,A89,33081,Shopping,Credit,Chennai,2025-09-06 10:43:12.363796
T295,A27,3862,Bills,Debit,Mumbai,2025-09-24 10:43:12.363906
T296,A86,46267,Travel,Credit,Mumbai,2026-01-14 10:43:12.363921
T297,A77,9868,Travel,Credit,Mumbai,2025-10-02 10:43:12.363934
T298,A87,43508,Bills,Credit,Bangalore,2025-08-16 10:43:12.363947
T299,A1,39599,Bills,Debit,Bangalore,2026-02-07 10:43:12.363961
T300,A25,38659,Food,Debit,Mumbai,2025-06-06 10:43:12.363975
T301,A13,48690,Bills,Credit,Bangalore,2025-10-17 10:43:12.364007
T302,A58,8883,Food,Credit,Mumbai,2026-04-14 10:43:12.364022
T303,A55,46489,Shopping,Credit,Bangalore,2025-09-26 10:43:12.364037
T304,A6,29881,Food,Debit,Chennai,2026-03-19 10:43:12.364050
T305,A2,30911,Bills,Credit,Chennai,2026-01-11 10:43:12.364061
T306,A22,48887,Bills,Debit,Mumbai,2025-08-07 10:43:12.364074
T307,A17,35588,Shopping,Credit,Bangalore,2025-10-15 10:43:12.364087
T308,A37,9005,Bills,Credit,Bangalore,2026-02-03 10:43:12.364099
T309,A98,9227,Bills,Credit,Chennai,2025-10-25 10:43:12.364118
T310,A14,22531,Travel,Debit,Chennai,2025-06-09 10:43:12.364131
T311,A63,49253,Travel,Debit,Mumbai,2025-07-07 10:43:12.364142
T312,A88,6468,Shopping,Credit,Chennai,2025-05-06 10:43:12.364150
T313,A27,27524,Food,Debit,Mumbai,2025-08-08 10:43:12.364158
T314,A73,46924,Travel,Credit,Chennai,2025-05-30 10:43:12.364166
T315,A38,45104,Food,Debit,Chennai,2025-10-12 10:43:12.364173
T316,A56,18433,Bills,Debit,Bangalore,2025-06-16 10:43:12.364180
T317,A16,23216,Travel,Debit,Chennai,2025-05-10 10:43:12.364188
T318,A85,47319,Shopping,Credit,Chennai,2025-12-14 10:43:12.364195
T319,A89,43301,Shopping,Debit,Mumbai,2025-07-07 10:43:12.364203
T320,A43,15625,Shopping,Debit,Chennai,2025-08-09 10:43:12.364213
T321,A24,23498,Travel,Credit,Mumbai,2025-09-19 10:43:12.364227
T322,A16,32957,Food,Credit,Chennai,2025-08-13 10:43:12.364241
T323,A12,10461,Bills,Credit,Chennai,2026-01-26 10:43:12.364253
T324,A83,16469,Food,Credit,Mumbai,2026-04-07 10:43:12.364265
T325,A24,3141,Food,Debit,Bangalore,2026-03-06 10:43:12.364277
T326,A67,205,Bills,Debit,Mumbai,2025-12-14 10:43:12.364289
T327,A9,9178,Bills,Debit,Mumbai,2025-12-27 10:43:12.364366
T328,A66,25103,Travel,Debit,Mumbai,2025-07-18 10:43:12.364403
T329,A17,6190,Travel,Debit,Bangalore,2025-09-27 10:43:12.364418
T330,A99,38950,Travel,Credit,Chennai,2025-05-18 10:43:12.364431
T331,A85,49886,Travel,Debit,Mumbai,2025-07-21 10:43:12.364444
T332,A33,2025,Travel,Debit,Mumbai,2026-02-21 10:43:12.364459
T333,A7,18540,Bills,Debit,Bangalore,2025-05-27 10:43:12.364472
T334,A39,39785,Food,Credit,Mumbai,2025-09-13 10:43:12.364484
T335,A82,26115,Travel,Credit,Chennai,2026-01-01 10:43:12.364496
T336,A41,33420,Travel,Debit,Bangalore,2025-07-15 10:43:12.364504
T337,A40,25391,Food,Credit,Chennai,2025-10-28 10:43:12.364512
T338,A5,36779,Travel,Credit,Chennai,2025-05-27 10:43:12.364520
T339,A51,26389,Food,Credit,Bangalore,2025-07-30 10:43:12.364528
T340,A25,3489,Food,Credit,Mumbai,2025-06-09 10:43:12.364535
T341,A63,25783,Bills,Credit,Chennai,2025-12-30 10:43:12.364543
T342,A97,13729,Shopping,Credit,Chennai,2025-10-15 10:43:12.364628
T343,A58,24926,Bills,Credit,Chennai,2025-07-25 10:43:12.364647
T344,A55,35298,Shopping,Debit,Chennai,2025-09-03 10:43:12.364660
T345,A58,26730,Shopping,Debit,Bangalore,2025-11-15 10:43:12.364673
T346,A69,33326,Shopping,Credit,Bangalore,2025-10-13 10:43:12.364685
T347,A32,46263,Travel,Debit,Chennai,2025-07-22 10:43:12.364698
T348,A52,33075,Bills,Debit,Mumbai,2026-04-18 10:43:12.364711
T349,A21,999,Shopping,Credit,Chennai,2025-08-17 10:43:12.364723
T350,A20,11753,Food,Debit,Mumbai,2025-09-22 10:43:12.364735
T351,A69,28061,Travel,Credit,Chennai,2025-07-08 10:43:12.364747
T352,A69,16505,Bills,Credit,Mumbai,2025-04-26 10:43:12.364759
T353,A3,8701,Shopping,Credit,Chennai,2026-04-07 10:43:12.364777
T354,A93,33762,Food,Debit,Mumbai,2026-01-14 10:43:12.364790
T355,A74,33382,Bills,Debit,Chennai,2025-09-11 10:43:12.364802
T356,A61,21388,Bills,Debit,Chennai,2025-08-25 10:43:12.364811
T357,A61,29645,Travel,Debit,Mumbai,2026-01-16 10:43:12.364823
T358,A93,36977,Bills,Credit,Bangalore,2025-05-17 10:43:12.364836
T359,A94,46126,Travel,Credit,Mumbai,2025-07-25 10:43:12.364849
T360,A23,15413,Shopping,Debit,Bangalore,2025-10-31 10:43:12.364861
T361,A54,15449,Travel,Credit,Chennai,2026-01-16 10:43:12.364873
T362,A8,7279,Food,Credit,Mumbai,2025-11-22 10:43:12.364885
T363,A2,10426,Travel,Debit,Mumbai,2025-12-29 10:43:12.364898
T364,A30,44655,Food,Credit,Mumbai,2026-02-24 10:43:12.364909
T365,A39,1660,Travel,Debit,Bangalore,2025-05-18 10:43:12.364922
T366,A35,13712,Bills,Credit,Bangalore,2025-12-25 10:43:12.364936
T367,A23,17750,Shopping,Debit,Chennai,2025-11-28 10:43:12.364947
T368,A94,26845,Food,Credit,Bangalore,2025-10-01 10:43:12.364958
T369,A5,31990,Travel,Credit,Bangalore,2025-10-22 10:43:12.364970
T370,A65,20122,Travel,Debit,Chennai,2025-09-30 10:43:12.364982
T371,A83,4880,Travel,Debit,Mumbai,2025-04-21 10:43:12.364993
T372,A91,18411,Bills,Debit,Mumbai,2026-02-26 10:43:12.365004
T373,A74,28480,Bills,Debit,Chennai,2025-10-22 10:43:12.365016
T374,A3,44762,Food,Credit,Mumbai,2025-06-11 10:43:12.365026
T375,A78,2456,Food,Credit,Bangalore,2025-06-16 10:43:12.365038
T376,A5,4890,Bills,Debit,Chennai,2025-12-04 10:43:12.365050
T377,A93,27011,Food,Credit,Chennai,2025-10-20 10:43:12.365061
T378,A50,49558,Shopping,Debit,Chennai,2026-04-19 10:43:12.365072
T379,A61,24463,Shopping,Debit,Mumbai,2026-03-07 10:43:12.365083
T380,A56,20149,Bills,Credit,Chennai,2025-09-05 10:43:12.365094
T381,A65,10281,Food,Credit,Chennai,2025-05-24 10:43:12.365105
T382,A78,39925,Travel,Debit,Chennai,2026-01-12 10:43:12.365117
T383,A74,16182,Shopping,Debit,Mumbai,2025-09-24 10:43:12.365129
T384,A7,761,Bills,Debit,Bangalore,2025-07-29 10:43:12.365143
T385,A25,37512,Food,Credit,Chennai,2025-07-06 10:43:12.365152
T386,A50,48579,Bills,Credit,Bangalore,2025-07-23 10:43:12.365160
T387,A44,3020,Travel,Credit,Mumbai,2025-12-01 10:43:12.365180
T388,A43,25758,Shopping,Credit,Mumbai,2025-08-26 10:43:12.365194
T389,A4,48870,Bills,Debit,Mumbai,2026-02-07 10:43:12.365206
T390,A69,14125,Bills,Debit,Mumbai,2025-11-16 10:43:12.365219
T391,A25,9046,Bills,Debit,Bangalore,2025-10-12 10:43:12.365230
T392,A67,28806,Travel,Debit,Chennai,2025-07-26 10:43:12.365243
T393,A18,45600,Bills,Debit,Mumbai,2025-06-03 10:43:12.365256
T394,A83,39104,Travel,Debit,Mumbai,2026-01-03 10:43:12.365270
T395,A96,16409,Travel,Credit,Bangalore,2025-08-31 10:43:12.365284
T396,A19,46386,Travel,Credit,Bangalore,2026-03-09 10:43:12.365295
T397,A11,33220,Shopping,Debit,Mumbai,2025-10-12 10:43:12.365307
T398,A46,30127,Shopping,Debit,Chennai,2025-12-02 10:43:12.365318
T399,A0,7105,Bills,Credit,Chennai,2026-01-07 10:43:12.365330
T400,A89,46904,Bills,Credit,Mumbai,2025-10-31 10:43:12.365341
T401,A13,49410,Shopping,Credit,Bangalore,2025-05-04 10:43:12.365356
T402,A63,1056,Food,Credit,Mumbai,2025-07-21 10:43:12.365368
T403,A37,34939,Shopping,Debit,Mumbai,2025-09-11 10:43:12.365380
T404,A36,8695,Travel,Debit,Bangalore,2025-09-19 10:43:12.365392
T405,A10,48008,Shopping,Debit,Mumbai,2025-05-14 10:43:12.365404
T406,A99,12903,Travel,Debit,Mumbai,2026-02-23 10:43:12.365417
T407,A76,26063,Bills,Debit,Mumbai,2025-05-13 10:43:12.365430
T408,A2,36321,Food,Credit,Bangalore,2026-01-08 10:43:12.365443
T409,A32,39543,Bills,Debit,Chennai,2025-10-10 10:43:12.365454
T410,A5,33823,Travel,Credit,Chennai,2025-06-14 10:43:12.365534
T411,A49,39163,Travel,Debit,Bangalore,2025-10-02 10:43:12.365552
T412,A9,48789,Travel,Debit,Chennai,2025-08-30 10:43:12.365565
T413,A4,15382,Food,Debit,Mumbai,2025-09-05 10:43:12.365578
T414,A22,4803,Shopping,Debit,Chennai,2025-12-02 10:43:12.365590
T415,A9,6663,Bills,Debit,Mumbai,2025-05-11 10:43:12.365601
T416,A43,25949,Bills,Credit,Chennai,2025-06-19 10:43:12.365613
T417,A1,31960,Shopping,Credit,Bangalore,2025-11-22 10:43:12.365625
T418,A12,31685,Bills,Credit,Chennai,2025-12-26 10:43:12.365636
T419,A39,22115,Food,Debit,Chennai,2026-02-16 10:43:12.365647
T420,A1,12103,Bills,Debit,Chennai,2026-01-06 10:43:12.365658
T421,A83,43685,Travel,Credit,Bangalore,2025-05-16 10:43:12.365670
T422,A64,27058,Shopping,Debit,Chennai,2025-04-26 10:43:12.365682
T423,A62,26117,Food,Debit,Bangalore,2025-11-15 10:43:12.365694
T424,A72,11271,Shopping,Credit,Mumbai,2025-07-21 10:43:12.365706
T425,A16,45450,Food,Debit,Chennai,2026-04-14 10:43:12.365718
T426,A8,12301,Travel,Credit,Bangalore,2025-11-24 10:43:12.365730
T427,A74,29526,Shopping,Debit,Bangalore,2025-10-18 10:43:12.365741
T428,A14,17878,Bills,Credit,Chennai,2026-03-23 10:43:12.365753
T429,A23,45341,Food,Debit,Mumbai,2026-03-13 10:43:12.365766
T430,A37,42329,Shopping,Debit,Bangalore,2025-12-22 10:43:12.365778
T431,A34,21216,Bills,Credit,Chennai,2025-07-01 10:43:12.365792
T432,A93,48464,Shopping,Debit,Mumbai,2025-08-19 10:43:12.365799
T433,A94,33397,Shopping,Debit,Bangalore,2026-02-11 10:43:12.365806
T434,A48,19442,Shopping,Credit,Bangalore,2025-09-18 10:43:12.365814
T435,A68,27590,Food,Debit,Mumbai,2025-09-14 10:43:12.365824
T436,A61,20075,Bills,Credit,Mumbai,2025-10-25 10:43:12.365837
T437,A59,26823,Travel,Debit,Chennai,2025-06-25 10:43:12.365849
T438,A49,23379,Food,Debit,Chennai,2025-11-07 10:43:12.365860
T439,A77,12865,Food,Debit,Bangalore,2026-02-21 10:43:12.365873
T440,A74,46778,Food,Debit,Mumbai,2025-07-25 10:43:12.365885
T441,A8,11661,Travel,Credit,Mumbai,2025-06-16 10:43:12.365898
T442,A33,41999,Bills,Debit,Mumbai,2026-02-21 10:43:12.365913
T443,A75,625,Bills,Credit,Bangalore,2025-07-06 10:43:12.365922
T444,A98,22961,Bills,Debit,Mumbai,2026-01-05 10:43:12.365929
T445,A34,49253,Shopping,Debit,Mumbai,2025-09-04 10:43:12.365937
T446,A0,33242,Shopping,Debit,Bangalore,2025-08-16 10:43:12.365945
T447,A39,27016,Shopping,Debit,Chennai,2025-10-14 10:43:12.365952
T448,A63,45065,Travel,Credit,Chennai,2026-01-27 10:43:12.365964
T449,A21,4748,Shopping,Credit,Bangalore,2025-10-16 10:43:12.365976
T450,A59,35233,Travel,Credit,Mumbai,2025-08-11 10:43:12.365989
T451,A63,30623,Bills,Credit,Bangalore,2025-04-30 10:43:12.366002
T452,A92,29152,Shopping,Debit,Chennai,2025-08-25 10:43:12.366015
T453,A71,34514,Shopping,Credit,Chennai,2025-04-25 10:43:12.366027
T454,A10,32881,Food,Credit,Bangalore,2025-10-18 10:43:12.366040
T455,A13,4699,Travel,Debit,Bangalore,2025-07-10 10:43:12.366053
T456,A59,35146,Bills,Debit,Chennai,2025-09-22 10:43:12.366065
T457,A29,47164,Food,Debit,Bangalore,2025-06-20 10:43:12.366109
T458,A34,36023,Food,Debit,Chennai,2025-06-28 10:43:12.366126
T459,A84,41189,Bills,Credit,Bangalore,2026-01-13 10:43:12.366139
T460,A36,3914,Food,Credit,Bangalore,2025-09-24 10:43:12.366150
T461,A4,45993,Travel,Debit,Bangalore,2025-12-04 10:43:12.366162
T462,A82,36084,Travel,Debit,Chennai,2025-10-18 10:43:12.366175
T463,A77,26716,Shopping,Debit,Bangalore,2026-02-03 10:43:12.366187
T464,A25,2213,Food,Credit,Chennai,2025-07-07 10:43:12.366200
T465,A61,43106,Shopping,Credit,Chennai,2025-11-29 10:43:12.366213
T466,A3,13860,Food,Debit,Bangalore,2025-08-26 10:43:12.366225
T467,A88,22027,Travel,Debit,Bangalore,2026-03-26 10:43:12.366238
T468,A41,21039,Travel,Credit,Chennai,2025-07-04 10:43:12.366251
T469,A88,32519,Travel,Debit,Chennai,2026-02-12 10:43:12.366263
T470,A17,12688,Food,Debit,Mumbai,2025-08-13 10:43:12.366276
T471,A39,36242,Travel,Credit,Chennai,2025-12-23 10:43:12.366298
T472,A71,39298,Food,Debit,Mumbai,2026-02-06 10:43:12.366310
T473,A38,44838,Shopping,Credit,Mumbai,2025-07-12 10:43:12.366322
T474,A13,33497,Food,Debit,Mumbai,2025-04-25 10:43:12.368440
T475,A31,16753,Shopping,Debit,Bangalore,2026-04-10 10:43:12.368532
T476,A50,10931,Food,Credit,Bangalore,2025-09-21 10:43:12.368552
T477,A37,5824,Shopping,Credit,Chennai,2025-06-01 10:43:12.368566
T478,A96,11183,Travel,Debit,Mumbai,2025-11-19 10:43:12.368580
T479,A22,46017,Shopping,Credit,Bangalore,2026-04-15 10:43:12.368593
T480,A62,19916,Travel,Debit,Bangalore,2025-10-07 10:43:12.368606
T481,A14,42340,Travel,Debit,Bangalore,2025-07-11 10:43:12.368619
T482,A96,6376,Shopping,Credit,Bangalore,2025-12-28 10:43:12.368631
T483,A24,48503,Food,Debit,Bangalore,2025-07-23 10:43:12.368643
T484,A16,38763,Food,Debit,Mumbai,2025-11-08 10:43:12.368659
T485,A96,14094,Bills,Credit,Mumbai,2026-01-05 10:43:12.368672
T486,A65,23599,Food,Credit,Mumbai,2025-10-21 10:43:12.368686
T487,A77,23140,Bills,Debit,Mumbai,2026-03-07 10:43:12.368698
T488,A52,43420,Food,Credit,Chennai,2025-07-12 10:43:12.368712
T489,A50,17059,Food,Credit,Mumbai,2025-10-27 10:43:12.368725
T490,A38,6199,Travel,Credit,Bangalore,2025-11-09 10:43:12.368737
T491,A50,42367,Bills,Credit,Mumbai,2025-05-04 10:43:12.368749
T492,A69,19676,Food,Debit,Chennai,2025-05-15 10:43:12.368763
T493,A5,36046,Bills,Debit,Bangalore,2025-12-01 10:43:12.368871
T494,A66,6216,Travel,Debit,Mumbai,2025-12-09 10:43:12.368892
T495,A6,15663,Travel,Credit,Mumbai,2026-01-23 10:43:12.368906
T496,A50,26888,Bills,Credit,Mumbai,2025-10-26 10:43:12.368918
T497,A71,27028,Travel,Credit,Bangalore,2025-10-19 10:43:12.368933
T498,A41,36436,Shopping,Credit,Bangalore,2025-12-12 10:43:12.368941
T499,A63,9947,Shopping,Credit,Chennai,2025-08-17 10:43:12.368949
T500,A14,26255,Travel,Credit,Bangalore,2026-01-21 10:43:12.368956
T501,A28,14235,Shopping,Credit,Bangalore,2026-02-13 10:43:12.368964
T502,A32,17874,Food,Debit,Mumbai,2025-11-13 10:43:12.368974
T503,A93,1842,Bills,Debit,Bangalore,2025-11-22 10:43:12.368986
T504,A26,18409,Food,Credit,Mumbai,2025-05-15 10:43:12.368994
T505,A35,719,Bills,Credit,Mumbai,2025-12-25 10:43:12.369002
T506,A28,17758,Travel,Credit,Bangalore,2025-09-18 10:43:12.369010
T507,A37,34807,Food,Debit,Chennai,2025-06-30 10:43:12.369018
T508,A56,20437,Travel,Debit,Chennai,2025-08-10 10:43:12.369026
T509,A96,16101,Travel,Credit,Bangalore,2025-11-28 10:43:12.369034
T510,A26,1068,Bills,Credit,Chennai,2025-08-13 10:43:12.369041
T511,A54,47714,Bills,Debit,Mumbai,2025-06-22 10:43:12.369049
T512,A32,25992,Bills,Debit,Mumbai,2026-03-26 10:43:12.369057
T513,A67,25719,Food,Debit,Bangalore,2025-07-17 10:43:12.369065
T514,A85,381,Shopping,Debit,Chennai,2026-02-09 10:43:12.369073
T515,A65,27520,Bills,Credit,Chennai,2025-12-28 10:43:12.369081
T516,A9,15460,Bills,Debit,Mumbai,2025-04-22 10:43:12.369088
T517,A4,39130,Food,Debit,Bangalore,2025-12-29 10:43:12.369097
T518,A73,1158,Bills,Credit,Chennai,2025-04-21 10:43:12.369105
T519,A96,20777,Food,Debit,Bangalore,2025-06-21 10:43:12.369113
T520,A37,10824,Travel,Debit,Chennai,2026-01-19 10:43:12.369121
T521,A12,28504,Bills,Debit,Mumbai,2026-04-02 10:43:12.369138
T522,A30,38046,Bills,Credit,Mumbai,2025-11-22 10:43:12.369146
T523,A46,39848,Travel,Debit,Bangalore,2025-09-05 10:43:12.369155
T524,A99,29956,Travel,Credit,Mumbai,2025-09-18 10:43:12.369162
T525,A87,9300,Travel,Credit,Chennai,2025-04-25 10:43:12.369170
T526,A51,34097,Bills,Debit,Mumbai,2025-11-20 10:43:12.369178
T527,A55,25711,Shopping,Debit,Bangalore,2025-10-10 10:43:12.369186
T528,A14,41335,Shopping,Debit,Bangalore,2026-03-11 10:43:12.369194
T529,A28,35157,Shopping,Debit,Bangalore,2025-08-21 10:43:12.369202
T530,A7,1339,Bills,Credit,Chennai,2025-12-03 10:43:12.369209
T531,A4,38238,Travel,Debit,Chennai,2025-05-10 10:43:12.369217
T532,A28,49038,Bills,Debit,Chennai,2025-10-22 10:43:12.369225
T533,A46,225,Travel,Debit,Chennai,2025-10-02 10:43:12.369233
T534,A67,45372,Bills,Credit,Chennai,2025-09-29 10:43:12.369241
T535,A75,23957,Bills,Debit,Mumbai,2026-02-18 10:43:12.369248
T536,A44,15498,Travel,Debit,Chennai,2025-10-10 10:43:12.369256
T537,A1,6738,Shopping,Credit,Chennai,2026-04-15 10:43:12.369264
T538,A26,6670,Travel,Credit,Mumbai,2025-08-26 10:43:12.369271
T539,A94,3349,Food,Debit,Chennai,2025-10-21 10:43:12.369279
T540,A35,9210,Food,Debit,Bangalore,2025-06-13 10:43:12.369287
T541,A35,40463,Travel,Debit,Chennai,2026-03-14 10:43:12.369295
T542,A25,13705,Bills,Debit,Chennai,2026-02-23 10:43:12.369303
T543,A42,12215,Food,Debit,Bangalore,2025-08-26 10:43:12.369311
T544,A26,39162,Food,Credit,Bangalore,2025-04-27 10:43:12.369319
T545,A68,23011,Bills,Credit,Bangalore,2025-05-06 10:43:12.369327
T546,A19,38625,Bills,Debit,Bangalore,2025-10-05 10:43:12.369334
T547,A10,32656,Shopping,Debit,Chennai,2026-02-06 10:43:12.369342
T548,A73,12695,Bills,Credit,Bangalore,2026-02-20 10:43:12.369350
T549,A37,2069,Travel,Debit,Bangalore,2025-08-23 10:43:12.369358
T550,A5,43853,Travel,Debit,Mumbai,2026-04-18 10:43:12.369365
T551,A71,17375,Shopping,Debit,Bangalore,2025-04-25 10:43:12.369373
T552,A22,4570,Food,Debit,Bangalore,2025-10-14 10:43:12.369381
T553,A46,10325,Food,Debit,Mumbai,2025-06-17 10:43:12.369389
T554,A89,42424,Bills,Credit,Mumbai,2026-03-21 10:43:12.369397
T555,A45,42074,Travel,Debit,Chennai,2025-07-27 10:43:12.369405
T556,A11,42859,Food,Debit,Mumbai,2026-01-02 10:43:12.369429
T557,A89,23296,Shopping,Debit,Chennai,2025-05-23 10:43:12.369437
T558,A12,40387,Shopping,Credit,Mumbai,2026-01-20 10:43:12.369445
T559,A61,13769,Travel,Credit,Mumbai,2025-09-27 10:43:12.369453
T560,A81,37480,Shopping,Credit,Chennai,2025-09-12 10:43:12.369462
T561,A88,45241,Shopping,Credit,Mumbai,2026-01-16 10:43:12.369470
T562,A96,48420,Travel,Debit,Chennai,2026-01-07 10:43:12.369478
T563,A59,47514,Bills,Credit,Mumbai,2025-09-09 10:43:12.369486
T564,A42,38106,Bills,Debit,Bangalore,2025-10-16 10:43:12.369494
T565,A75,15677,Shopping,Debit,Mumbai,2025-10-18 10:43:12.369501
T566,A99,22573,Bills,Credit,Chennai,2025-11-09 10:43:12.369509
T567,A67,28725,Bills,Credit,Mumbai,2025-08-16 10:43:12.369517
T568,A4,15604,Shopping,Credit,Chennai,2026-03-20 10:43:12.369525
T569,A36,24189,Bills,Credit,Chennai,2026-02-27 10:43:12.369532
T570,A71,36587,Shopping,Credit,Bangalore,2025-05-10 10:43:12.369540
T571,A91,402,Food,Debit,Bangalore,2026-02-03 10:43:12.369548
T572,A30,31563,Travel,Credit,Chennai,2025-07-16 10:43:12.369556
T573,A8,45012,Travel,Credit,Mumbai,2026-03-11 10:43:12.369564
T574,A50,29359,Bills,Credit,Chennai,2026-01-09 10:43:12.369572
T575,A28,42923,Bills,Debit,Chennai,2025-12-30 10:43:12.369580
T576,A77,37308,Bills,Credit,Mumbai,2025-06-03 10:43:12.369587
T577,A39,30759,Travel,Debit,Mumbai,2025-08-14 10:43:12.369595
T578,A40,35940,Food,Credit,Mumbai,2025-10-11 10:43:12.369603
T579,A85,31990,Food,Credit,Mumbai,2025-10-20 10:43:12.369610
T580,A10,13698,Travel,Debit,Chennai,2025-05-20 10:43:12.369618
T581,A22,47155,Food,Credit,Chennai,2025-09-23 10:43:12.369626
T582,A0,46833,Travel,Debit,Bangalore,2026-03-29 10:43:12.369634
T583,A45,19608,Food,Debit,Chennai,2025-11-05 10:43:12.369642
T584,A20,42387,Shopping,Debit,Mumbai,2026-01-11 10:43:12.369649
T585,A89,13480,Shopping,Credit,Bangalore,2025-09-24 10:43:12.369657
T586,A35,27084,Travel,Credit,Mumbai,2026-04-12 10:43:12.369664
T587,A53,44733,Food,Credit,Chennai,2025-10-12 10:43:12.369672
T588,A86,8225,Bills,Debit,Bangalore,2025-10-27 10:43:12.369680
T589,A56,36159,Food,Credit,Mumbai,2025-07-21 10:43:12.369687
T590,A0,4133,Shopping,Debit,Bangalore,2026-04-03 10:43:12.369698
T591,A62,37973,Shopping,Credit,Bangalore,2026-01-20 10:43:12.369711
T592,A53,17187,Food,Debit,Chennai,2025-11-30 10:43:12.369749
T593,A54,41001,Food,Debit,Mumbai,2025-11-26 10:43:12.369769
T594,A39,49826,Bills,Debit,Bangalore,2025-11-05 10:43:12.369782
T595,A14,5804,Bills,Credit,Bangalore,2025-05-18 10:43:12.369795
T596,A20,7948,Food,Debit,Mumbai,2026-02-01 10:43:12.369808
T597,A46,21692,Food,Debit,Bangalore,2025-08-01 10:43:12.369822
T598,A72,45843,Food,Debit,Bangalore,2025-11-08 10:43:12.369836
T599,A52,7024,Food,Debit,Bangalore,2026-04-06 10:43:12.369850
T600,A8,27308,Travel,Debit,Mumbai,2025-08-24 10:43:12.369862
T601,A73,19714,Food,Debit,Mumbai,2026-02-07 10:43:12.369982
T602,A51,588,Bills,Credit,Mumbai,2025-11-28 10:43:12.370001
T603,A56,39982,Shopping,Credit,Mumbai,2025-06-14 10:43:12.370015
T604,A25,26023,Travel,Debit,Chennai,2025-07-11 10:43:12.370031
T605,A40,48608,Food,Credit,Bangalore,2025-07-25 10:43:12.370045
T606,A34,36041,Shopping,Credit,Mumbai,2025-08-22 10:43:12.370059
T607,A62,29265,Travel,Debit,Bangalore,2025-08-18 10:43:12.370067
T608,A24,1767,Shopping,Debit,Bangalore,2025-11-08 10:43:12.370075
T609,A89,26313,Food,Debit,Chennai,2026-02-19 10:43:12.370083
T610,A74,4214,Food,Credit,Mumbai,2026-04-14 10:43:12.370091
T611,A37,36421,Bills,Debit,Mumbai,2025-10-05 10:43:12.370100
T612,A1,7861,Food,Credit,Bangalore,2026-02-21 10:43:12.370107
T613,A6,31216,Food,Debit,Mumbai,2025-06-19 10:43:12.370115
T614,A81,33868,Travel,Credit,Bangalore,2025-09-15 10:43:12.370123
T615,A90,48506,Bills,Debit,Bangalore,2026-03-25 10:43:12.370132
T616,A33,25526,Travel,Debit,Chennai,2025-06-21 10:43:12.370140
T617,A90,17872,Shopping,Credit,Chennai,2026-04-15 10:43:12.370148
T618,A16,38318,Food,Credit,Chennai,2026-03-31 10:43:12.370155
T619,A42,3812,Shopping,Credit,Bangalore,2025-10-04 10:43:12.370163
T620,A58,1467,Travel,Credit,Mumbai,2026-02-20 10:43:12.370171
T621,A50,41057,Food,Credit,Chennai,2025-08-21 10:43:12.370179
T622,A53,41881,Food,Credit,Mumbai,2025-11-25 10:43:12.370187
T623,A23,49706,Travel,Debit,Chennai,2025-07-21 10:43:12.370195
T624,A24,26300,Travel,Credit,Chennai,2025-08-14 10:43:12.370203
T625,A70,3826,Travel,Debit,Bangalore,2026-04-06 10:43:12.370211
T626,A51,23716,Travel,Debit,Chennai,2026-04-07 10:43:12.370219
T627,A69,27823,Travel,Credit,Chennai,2026-03-07 10:43:12.370227
T628,A87,37674,Food,Debit,Bangalore,2026-04-01 10:43:12.370235
T629,A32,35058,Travel,Credit,Mumbai,2026-02-16 10:43:12.370243
T630,A48,9208,Food,Credit,Chennai,2025-08-24 10:43:12.370251
T631,A28,12278,Food,Debit,Bangalore,2025-05-18 10:43:12.370258
T632,A62,35743,Travel,Debit,Chennai,2026-01-10 10:43:12.370266
T633,A21,31424,Travel,Credit,Bangalore,2025-11-08 10:43:12.370274
T634,A25,38460,Bills,Credit,Mumbai,2025-12-19 10:43:12.370282
T635,A27,17924,Food,Debit,Mumbai,2026-03-07 10:43:12.370290
T636,A84,45460,Travel,Debit,Bangalore,2025-04-25 10:43:12.370298
T637,A48,9027,Travel,Debit,Bangalore,2025-06-07 10:43:12.370306
T638,A70,28244,Travel,Debit,Bangalore,2025-11-26 10:43:12.370314
T639,A80,31110,Bills,Credit,Mumbai,2025-05-28 10:43:12.370321
T640,A83,22543,Bills,Credit,Chennai,2025-04-22 10:43:12.370330
T641,A48,14537,Shopping,Credit,Mumbai,2026-03-01 10:43:12.370346
T642,A19,44398,Food,Credit,Bangalore,2026-02-14 10:43:12.370355
T643,A85,39878,Shopping,Debit,Bangalore,2025-04-30 10:43:12.370362
T644,A91,11307,Travel,Debit,Mumbai,2025-07-06 10:43:12.370370
T645,A62,25637,Bills,Credit,Bangalore,2025-11-07 10:43:12.370378
T646,A60,35857,Bills,Credit,Mumbai,2025-11-30 10:43:12.370385
T647,A48,12140,Shopping,Credit,Bangalore,2025-06-10 10:43:12.370393
T648,A70,42086,Bills,Credit,Chennai,2025-12-13 10:43:12.370401
T649,A0,22712,Travel,Credit,Chennai,2025-08-24 10:43:12.370408
T650,A95,28541,Bills,Credit,Bangalore,2025-05-31 10:43:12.370416
T651,A12,6571,Shopping,Credit,Mumbai,2025-06-28 10:43:12.370424
T652,A93,35731,Travel,Credit,Chennai,2025-10-15 10:43:12.370433
T653,A86,43561,Shopping,Credit,Mumbai,2025-09-24 10:43:12.370440
T654,A50,26623,Bills,Debit,Bangalore,2025-09-12 10:43:12.370448
T655,A55,31448,Shopping,Credit,Mumbai,2025-10-12 10:43:12.370456
T656,A82,1277,Shopping,Debit,Chennai,2025-05-09 10:43:12.370463
T657,A61,4860,Food,Debit,Mumbai,2025-07-10 10:43:12.370471
T658,A31,32879,Bills,Credit,Mumbai,2025-05-03 10:43:12.370479
T659,A29,21736,Bills,Credit,Bangalore,2025-08-26 10:43:12.370487
T660,A28,16453,Shopping,Debit,Bangalore,2025-10-08 10:43:12.370494
T661,A48,11656,Food,Debit,Bangalore,2025-07-07 10:43:12.370501
T662,A44,27698,Bills,Credit,Chennai,2025-08-04 10:43:12.370509
T663,A92,11663,Travel,Debit,Chennai,2025-08-17 10:43:12.370516
T664,A29,46919,Shopping,Credit,Bangalore,2025-12-05 10:43:12.370523
T665,A15,43890,Bills,Credit,Bangalore,2025-07-14 10:43:12.370530
T666,A39,8334,Travel,Credit,Chennai,2025-07-23 10:43:12.370537
T667,A18,25619,Bills,Debit,Chennai,2025-10-31 10:43:12.370545
T668,A17,27066,Travel,Debit,Chennai,2025-11-12 10:43:12.370552
T669,A0,16273,Shopping,Credit,Chennai,2025-10-01 10:43:12.370559
T670,A77,27087,Bills,Debit,Bangalore,2026-03-06 10:43:12.370566
T671,A46,13278,Bills,Debit,Chennai,2025-07-30 10:43:12.370573
T672,A65,39438,Food,Debit,Bangalore,2026-02-08 10:43:12.370580
T673,A91,24696,Shopping,Debit,Mumbai,2025-04-21 10:43:12.370592
T674,A93,33274,Travel,Debit,Mumbai,2026-01-07 10:43:12.370599
T675,A37,42074,Bills,Debit,Chennai,2025-12-16 10:43:12.370607
T676,A50,4531,Bills,Debit,Mumbai,2025-06-11 10:43:12.370615
T677,A62,27864,Travel,Credit,Mumbai,2025-07-08 10:43:12.370627
T678,A3,21727,Shopping,Debit,Mumbai,2025-09-02 10:43:12.370639
T679,A0,39410,Food,Debit,Chennai,2025-11-25 10:43:12.370651
T680,A7,9006,Food,Debit,Chennai,2025-10-05 10:43:12.370663
T681,A28,37014,Bills,Debit,Mumbai,2025-09-11 10:43:12.370675
T682,A54,44914,Travel,Debit,Bangalore,2026-02-19 10:43:12.370687
T683,A2,45479,Bills,Debit,Mumbai,2026-01-12 10:43:12.370701
T684,A31,13176,Travel,Debit,Chennai,2025-10-31 10:43:12.370713
T685,A9,49392,Food,Debit,Chennai,2025-10-29 10:43:12.370724
T686,A73,37750,Shopping,Credit,Chennai,2025-11-20 10:43:12.370736
T687,A82,46981,Travel,Debit,Mumbai,2025-05-05 10:43:12.370747
T688,A33,46513,Food,Debit,Bangalore,2025-12-19 10:43:12.370760
T689,A96,6112,Bills,Debit,Chennai,2026-01-02 10:43:12.370773
T690,A86,7251,Travel,Debit,Chennai,2026-04-16 10:43:12.370786
T691,A54,28311,Shopping,Credit,Mumbai,2026-01-17 10:43:12.370798
T692,A91,27217,Bills,Credit,Bangalore,2026-04-14 10:43:12.370811
T693,A31,36478,Bills,Credit,Mumbai,2025-07-06 10:43:12.370825
T694,A49,42752,Food,Credit,Chennai,2026-01-04 10:43:12.370887
T695,A6,6994,Travel,Credit,Bangalore,2025-11-25 10:43:12.370901
T696,A92,13567,Bills,Credit,Bangalore,2025-07-23 10:43:12.370909
T697,A7,31110,Shopping,Credit,Chennai,2026-01-14 10:43:12.370917
T698,A64,49357,Travel,Credit,Bangalore,2025-09-03 10:43:12.370924
T699,A56,42741,Shopping,Credit,Bangalore,2025-09-30 10:43:12.370932
T700,A66,12389,Bills,Credit,Mumbai,2025-09-20 10:43:12.370939
T701,A87,45076,Shopping,Credit,Chennai,2026-04-14 10:43:12.370946
T702,A86,43696,Food,Credit,Chennai,2025-12-29 10:43:12.370953
T703,A58,23271,Shopping,Credit,Chennai,2025-06-01 10:43:12.370960
T704,A71,35005,Travel,Credit,Chennai,2026-01-04 10:43:12.370968
T705,A53,20929,Shopping,Credit,Chennai,2025-12-02 10:43:12.370975
T706,A66,34154,Shopping,Credit,Bangalore,2025-06-25 10:43:12.370982
T707,A50,48578,Food,Debit,Mumbai,2026-01-14 10:43:12.370990
T708,A96,44239,Shopping,Credit,Chennai,2025-05-18 10:43:12.370997
T709,A91,48813,Shopping,Debit,Mumbai,2025-06-27 10:43:12.371005
T710,A7,29834,Bills,Credit,Mumbai,2025-09-18 10:43:12.371012
T711,A33,7152,Bills,Credit,Bangalore,2025-07-03 10:43:12.371019
T712,A34,3754,Travel,Debit,Chennai,2026-03-29 10:43:12.371027
T713,A95,23586,Bills,Credit,Bangalore,2025-10-09 10:43:12.371034
T714,A87,18843,Bills,Debit,Chennai,2025-11-21 10:43:12.371041
T715,A77,48468,Bills,Debit,Bangalore,2025-08-16 10:43:12.371048
T716,A31,24589,Bills,Debit,Mumbai,2025-07-27 10:43:12.371055
T717,A45,8736,Food,Credit,Chennai,2025-08-12 10:43:12.371063
T718,A15,6541,Bills,Credit,Mumbai,2026-04-17 10:43:12.371070
T719,A67,24711,Food,Credit,Mumbai,2025-06-08 10:43:12.371078
T720,A36,42535,Food,Debit,Bangalore,2026-02-03 10:43:12.371085
T721,A53,12249,Bills,Debit,Chennai,2026-01-23 10:43:12.371092
T722,A84,34666,Shopping,Credit,Mumbai,2025-07-24 10:43:12.371099
T723,A13,42468,Food,Credit,Bangalore,2025-09-07 10:43:12.371106
T724,A94,21775,Shopping,Credit,Chennai,2026-04-02 10:43:12.371113
T725,A54,5595,Shopping,Credit,Chennai,2025-12-28 10:43:12.371120
T726,A47,42768,Bills,Credit,Mumbai,2025-08-12 10:43:12.371128
T727,A81,13773,Travel,Debit,Chennai,2025-08-30 10:43:12.371170
T728,A6,11230,Bills,Debit,Mumbai,2025-05-26 10:43:12.371178
T729,A73,22768,Travel,Debit,Chennai,2025-07-15 10:43:12.371186
T730,A6,15322,Travel,Credit,Bangalore,2025-09-30 10:43:12.371193
T731,A32,23769,Bills,Debit,Mumbai,2026-01-27 10:43:12.371200
T732,A22,34168,Bills,Debit,Mumbai,2025-12-16 10:43:12.371207
T733,A84,23353,Travel,Debit,Chennai,2025-10-27 10:43:12.371214
T734,A18,9535,Bills,Debit,Chennai,2026-02-10 10:43:12.371222
T735,A18,28652,Travel,Debit,Mumbai,2026-03-04 10:43:12.371229
T736,A35,37484,Shopping,Credit,Chennai,2025-08-07 10:43:12.371235
T737,A28,16493,Bills,Debit,Bangalore,2025-09-17 10:43:12.371242
T738,A59,10717,Shopping,Credit,Chennai,2026-03-21 10:43:12.371249
T739,A81,38620,Food,Credit,Bangalore,2025-07-13 10:43:12.371256
T740,A1,9952,Shopping,Credit,Bangalore,2025-08-26 10:43:12.371263
T741,A0,31501,Shopping,Credit,Bangalore,2025-08-15 10:43:12.371271
T742,A46,6395,Travel,Credit,Bangalore,2026-03-26 10:43:12.371278
T743,A68,36093,Shopping,Debit,Bangalore,2026-02-05 10:43:12.371285
T744,A19,34184,Bills,Debit,Chennai,2025-09-26 10:43:12.371292
T745,A10,45205,Travel,Credit,Bangalore,2025-06-10 10:43:12.371299
T746,A1,39675,Food,Credit,Chennai,2026-01-16 10:43:12.371306
T747,A66,36551,Bills,Credit,Bangalore,2025-12-14 10:43:12.371313
T748,A86,7327,Food,Debit,Mumbai,2026-03-26 10:43:12.371320
T749,A11,32010,Shopping,Credit,Bangalore,2025-05-21 10:43:12.371327
T750,A19,36141,Bills,Debit,Mumbai,2025-04-30 10:43:12.371335
T751,A4,23484,Bills,Credit,Bangalore,2025-12-25 10:43:12.371342
T752,A36,245,Food,Debit,Bangalore,2026-03-03 10:43:12.371349
T753,A37,37878,Bills,Credit,Bangalore,2025-09-06 10:43:12.371359
T754,A93,16135,Bills,Debit,Mumbai,2025-07-28 10:43:12.371370
T755,A8,3140,Bills,Credit,Mumbai,2026-01-11 10:43:12.371383
T756,A97,42522,Shopping,Debit,Bangalore,2026-04-09 10:43:12.371394
T757,A52,26260,Food,Debit,Chennai,2026-01-25 10:43:12.371406
T758,A43,49734,Bills,Debit,Bangalore,2025-09-18 10:43:12.371418
T759,A98,17733,Travel,Debit,Mumbai,2025-10-29 10:43:12.371430
T760,A85,29444,Travel,Debit,Bangalore,2025-09-23 10:43:12.371443
T761,A23,17114,Travel,Debit,Mumbai,2026-02-15 10:43:12.371582
T762,A80,15096,Travel,Debit,Mumbai,2025-08-05 10:43:12.371602
T763,A73,49204,Shopping,Credit,Mumbai,2025-05-23 10:43:12.371612
T764,A29,41721,Bills,Credit,Bangalore,2025-12-20 10:43:12.371620
T765,A58,11795,Food,Credit,Mumbai,2025-06-26 10:43:12.371628
T766,A86,2952,Bills,Credit,Mumbai,2026-02-25 10:43:12.371636
T767,A95,16114,Shopping,Credit,Bangalore,2025-05-24 10:43:12.371644
T768,A80,27142,Travel,Debit,Mumbai,2025-07-22 10:43:12.371652
T769,A80,33855,Shopping,Debit,Bangalore,2025-08-22 10:43:12.371660
T770,A13,40490,Bills,Debit,Mumbai,2025-08-20 10:43:12.371668
T771,A8,23811,Food,Debit,Chennai,2026-04-02 10:43:12.371675
T772,A39,26222,Shopping,Debit,Chennai,2025-10-15 10:43:12.371683
T773,A65,9260,Food,Credit,Mumbai,2025-05-09 10:43:12.371690
T774,A24,27313,Shopping,Credit,Chennai,2025-11-27 10:43:12.371698
T775,A72,39520,Food,Credit,Bangalore,2025-08-01 10:43:12.371705
T776,A21,7521,Food,Credit,Chennai,2025-04-21 10:43:12.371713
T777,A3,21500,Travel,Debit,Mumbai,2025-08-24 10:43:12.371721
T778,A25,33637,Food,Debit,Mumbai,2025-06-20 10:43:12.371728
T779,A57,17827,Travel,Debit,Bangalore,2025-06-26 10:43:12.371736
T780,A28,46982,Bills,Credit,Mumbai,2026-02-03 10:43:12.371744
T781,A97,4458,Bills,Debit,Bangalore,2025-10-14 10:43:12.371753
T782,A86,28582,Travel,Credit,Chennai,2025-05-22 10:43:12.371760
T783,A36,32217,Travel,Debit,Chennai,2025-08-17 10:43:12.371769
T784,A74,23264,Shopping,Debit,Bangalore,2025-12-11 10:43:12.371776
T785,A69,32010,Shopping,Credit,Bangalore,2025-06-09 10:43:12.371784
T786,A17,32596,Shopping,Debit,Mumbai,2025-07-11 10:43:12.371792
T787,A84,44411,Bills,Debit,Chennai,2026-01-31 10:43:12.371800
T788,A41,29471,Shopping,Credit,Bangalore,2026-02-07 10:43:12.371807
T789,A99,38567,Food,Debit,Chennai,2025-07-31 10:43:12.371815
T790,A40,17725,Food,Credit,Bangalore,2025-10-11 10:43:12.371823
T791,A37,33993,Shopping,Debit,Chennai,2026-02-16 10:43:12.371831
T792,A33,10893,Food,Debit,Mumbai,2026-04-08 10:43:12.371839
T793,A16,31107,Bills,Debit,Chennai,2025-11-30 10:43:12.371846
T794,A36,25866,Food,Debit,Chennai,2025-08-09 10:43:12.371854
T795,A24,39632,Bills,Debit,Chennai,2026-03-08 10:43:12.371861
T796,A75,12423,Travel,Debit,Chennai,2026-04-03 10:43:12.371869
T797,A86,45899,Travel,Debit,Chennai,2026-02-16 10:43:12.371876
T798,A85,46920,Travel,Debit,Mumbai,2025-08-10 10:43:12.371884
T799,A84,45508,Travel,Credit,Bangalore,2025-07-02 10:43:12.371892
T800,A26,7943,Food,Credit,Chennai,2026-04-12 10:43:12.371900
T801,A56,14310,Shopping,Debit,Mumbai,2025-05-30 10:43:12.371908
T802,A30,16556,Food,Debit,Chennai,2026-01-20 10:43:12.371916
T803,A5,31467,Bills,Credit,Chennai,2025-09-24 10:43:12.371923
T804,A90,10206,Food,Debit,Bangalore,2025-07-02 10:43:12.371931
T805,A39,38057,Food,Debit,Chennai,2025-07-10 10:43:12.371939
T806,A97,2572,Bills,Credit,Mumbai,2025-12-23 10:43:12.371947
T807,A11,49959,Travel,Debit,Mumbai,2025-05-06 10:43:12.371954
T808,A52,6804,Travel,Debit,Bangalore,2025-10-27 10:43:12.371962
T809,A70,3813,Travel,Credit,Chennai,2026-02-03 10:43:12.371970
T810,A9,5151,Shopping,Debit,Mumbai,2026-01-09 10:43:12.371977
T811,A44,10856,Bills,Debit,Chennai,2025-11-20 10:43:12.371986
T812,A16,2575,Bills,Credit,Chennai,2025-07-24 10:43:12.371993
T813,A25,36478,Food,Debit,Chennai,2026-02-08 10:43:12.372001
T814,A84,4355,Shopping,Credit,Bangalore,2025-10-22 10:43:12.372009
T815,A91,14584,Travel,Debit,Chennai,2025-12-17 10:43:12.372016
T816,A61,34603,Shopping,Debit,Mumbai,2025-07-01 10:43:12.372024
T817,A45,8358,Bills,Credit,Chennai,2025-07-09 10:43:12.372032
T818,A63,40847,Bills,Credit,Mumbai,2025-10-07 10:43:12.372154
T819,A1,35296,Food,Debit,Chennai,2025-09-04 10:43:12.372162
T820,A53,45213,Food,Credit,Mumbai,2025-07-19 10:43:12.372170
T821,A64,40294,Bills,Credit,Mumbai,2026-01-04 10:43:12.372178
T822,A50,8633,Travel,Debit,Chennai,2026-03-30 10:43:12.372186
T823,A52,32681,Travel,Debit,Chennai,2026-02-15 10:43:12.372193
T824,A35,5349,Shopping,Debit,Mumbai,2025-11-06 10:43:12.372201
T825,A25,19301,Bills,Credit,Bangalore,2026-03-24 10:43:12.372209
T826,A28,9786,Bills,Credit,Chennai,2025-06-13 10:43:12.372217
T827,A20,46977,Travel,Credit,Bangalore,2025-07-09 10:43:12.372225
T828,A10,32107,Travel,Credit,Chennai,2025-11-23 10:43:12.372233
T829,A39,761,Bills,Debit,Chennai,2025-07-13 10:43:12.372240
T830,A10,44943,Food,Credit,Chennai,2025-05-29 10:43:12.372248
T831,A35,30237,Bills,Debit,Chennai,2025-06-05 10:43:12.372256
T832,A58,47656,Bills,Credit,Bangalore,2025-11-07 10:43:12.372264
T833,A38,42928,Travel,Debit,Chennai,2025-09-08 10:43:12.372271
T834,A98,48704,Travel,Debit,Mumbai,2025-07-22 10:43:12.372279
T835,A53,10626,Food,Debit,Mumbai,2025-11-25 10:43:12.372286
T836,A97,3474,Food,Credit,Bangalore,2025-04-29 10:43:12.372294
T837,A54,25692,Shopping,Debit,Chennai,2026-03-21 10:43:12.372303
T838,A23,29082,Bills,Debit,Mumbai,2026-03-06 10:43:12.372311
T839,A21,307,Travel,Credit,Bangalore,2025-07-19 10:43:12.372318
T840,A68,35533,Food,Debit,Chennai,2026-03-17 10:43:12.372326
T841,A55,23297,Shopping,Credit,Mumbai,2025-11-30 10:43:12.372334
T842,A32,33500,Shopping,Credit,Mumbai,2025-06-06 10:43:12.372341
T843,A35,3183,Travel,Debit,Bangalore,2025-09-11 10:43:12.372349
T844,A19,29428,Travel,Debit,Chennai,2025-04-29 10:43:12.372357
T845,A82,46579,Shopping,Credit,Chennai,2026-03-29 10:43:12.372365
T846,A98,42991,Food,Debit,Mumbai,2025-10-22 10:43:12.372372
T847,A80,20203,Shopping,Credit,Mumbai,2025-05-26 10:43:12.372379
T848,A61,39991,Bills,Credit,Mumbai,2025-09-01 10:43:12.372387
T849,A97,10854,Bills,Credit,Chennai,2026-03-13 10:43:12.372395
T850,A72,34547,Travel,Debit,Bangalore,2026-02-09 10:43:12.372403
T851,A25,16001,Food,Credit,Bangalore,2025-12-25 10:43:12.372411
T852,A65,33104,Food,Debit,Chennai,2025-08-24 10:43:12.372419
T853,A72,7546,Bills,Debit,Bangalore,2025-05-20 10:43:12.372426
T854,A72,37311,Shopping,Debit,Mumbai,2025-11-23 10:43:12.372434
T855,A39,48331,Travel,Debit,Bangalore,2026-04-11 10:43:12.372441
T856,A16,29401,Shopping,Credit,Bangalore,2025-07-06 10:43:12.372449
T857,A0,26216,Shopping,Debit,Bangalore,2026-03-01 10:43:12.372457
T858,A88,41423,Shopping,Credit,Mumbai,2025-05-17 10:43:12.372465
T859,A60,18852,Food,Credit,Chennai,2026-04-15 10:43:12.372473
T860,A42,32476,Bills,Debit,Mumbai,2025-05-12 10:43:12.372481
T861,A41,16769,Food,Credit,Chennai,2025-12-15 10:43:12.372493
T862,A24,33016,Bills,Credit,Chennai,2026-02-04 10:43:12.372500
T863,A38,13495,Travel,Debit,Chennai,2025-11-06 10:43:12.372507
T864,A34,20521,Travel,Credit,Bangalore,2025-07-16 10:43:12.372514
T865,A2,26442,Shopping,Credit,Bangalore,2025-05-31 10:43:12.372521
T866,A43,4995,Bills,Credit,Chennai,2025-06-24 10:43:12.372528
T867,A50,11123,Bills,Credit,Chennai,2025-07-04 10:43:12.372535
T868,A93,10799,Bills,Debit,Bangalore,2026-02-02 10:43:12.372542
T869,A97,9815,Shopping,Credit,Mumbai,2025-06-26 10:43:12.372549
T870,A11,19269,Shopping,Credit,Chennai,2025-12-04 10:43:12.372557
T871,A18,16263,Travel,Credit,Mumbai,2026-01-04 10:43:12.372564
T872,A43,5882,Food,Credit,Bangalore,2026-01-15 10:43:12.372571
T873,A58,22741,Bills,Debit,Chennai,2025-12-06 10:43:12.372578
T874,A48,18892,Bills,Credit,Mumbai,2026-02-11 10:43:12.372585
T875,A60,49592,Food,Debit,Mumbai,2025-11-24 10:43:12.372592
T876,A16,35685,Bills,Credit,Mumbai,2025-11-12 10:43:12.372599
T877,A73,30782,Shopping,Debit,Bangalore,2025-11-08 10:43:12.372606
T878,A56,47964,Shopping,Debit,Bangalore,2025-05-14 10:43:12.372613
T879,A54,18980,Bills,Debit,Mumbai,2025-10-13 10:43:12.372620
T880,A46,38167,Shopping,Debit,Mumbai,2025-05-16 10:43:12.372627
T881,A11,42785,Shopping,Debit,Bangalore,2026-01-15 10:43:12.372635
T882,A61,18173,Bills,Credit,Mumbai,2025-10-21 10:43:12.372642
T883,A79,36135,Travel,Credit,Mumbai,2025-07-06 10:43:12.372648
T884,A87,37274,Food,Credit,Bangalore,2025-06-02 10:43:12.372655
T885,A82,24937,Shopping,Debit,Mumbai,2025-10-15 10:43:12.372663
T886,A7,17926,Travel,Credit,Mumbai,2025-12-03 10:43:12.372669
T887,A94,25081,Shopping,Debit,Mumbai,2025-12-11 10:43:12.372676
T888,A20,10482,Shopping,Debit,Bangalore,2025-10-08 10:43:12.372683
T889,A80,4537,Food,Credit,Mumbai,2025-06-08 10:43:12.372690
T890,A86,5535,Shopping,Credit,Bangalore,2025-07-21 10:43:12.372697
T891,A79,24919,Food,Debit,Bangalore,2025-05-03 10:43:12.372704
T892,A69,36975,Food,Debit,Chennai,2025-11-27 10:43:12.372711
T893,A71,32082,Food,Credit,Chennai,2026-04-04 10:43:12.372718
T894,A24,33428,Travel,Credit,Mumbai,2025-06-22 10:43:12.372725
T895,A81,12429,Bills,Credit,Bangalore,2025-08-18 10:43:12.372732
T896,A88,25269,Travel,Credit,Chennai,2026-01-03 10:43:12.372740
T897,A11,22032,Bills,Debit,Mumbai,2026-01-22 10:43:12.372747
T898,A14,34694,Bills,Credit,Chennai,2025-12-12 10:43:12.372754
T899,A58,11521,Food,Credit,Chennai,2025-05-14 10:43:12.372760
T900,A25,45133,Shopping,Credit,Bangalore,2026-04-16 10:43:12.372767
T901,A25,7729,Food,Debit,Bangalore,2025-05-28 10:43:12.372774
T902,A46,8425,Shopping,Debit,Chennai,2025-06-18 10:43:12.372782
T903,A31,28595,Bills,Debit,Chennai,2026-01-15 10:43:12.372791
T904,A9,31850,Food,Debit,Bangalore,2025-09-23 10:43:12.372799
T905,A15,29719,Shopping,Credit,Mumbai,2025-09-07 10:43:12.372806
T906,A70,40561,Travel,Debit,Bangalore,2025-05-07 10:43:12.372813
T907,A16,8364,Shopping,Credit,Chennai,2025-06-03 10:43:12.372820
T908,A22,12786,Food,Credit,Mumbai,2026-03-04 10:43:12.372827
T909,A25,46584,Travel,Credit,Chennai,2025-10-21 10:43:12.372835
T910,A84,24326,Shopping,Credit,Mumbai,2026-01-04 10:43:12.372841
T911,A85,6821,Shopping,Debit,Chennai,2025-10-03 10:43:12.372848
T912,A6,20709,Shopping,Debit,Mumbai,2026-01-04 10:43:12.372856
T913,A13,7473,Shopping,Debit,Mumbai,2025-07-14 10:43:12.372863
T914,A78,38775,Shopping,Credit,Chennai,2025-08-03 10:43:12.372870
T915,A6,48995,Travel,Credit,Mumbai,2026-01-02 10:43:12.372877
T916,A8,29037,Bills,Credit,Bangalore,2026-04-01 10:43:12.372884
T917,A47,5756,Travel,Credit,Chennai,2025-06-28 10:43:12.372891
T918,A71,9084,Travel,Credit,Bangalore,2025-06-18 10:43:12.372898
T919,A58,30084,Travel,Debit,Chennai,2025-10-31 10:43:12.372905
T920,A86,8386,Bills,Credit,Mumbai,2025-05-24 10:43:12.372912
T921,A92,6001,Food,Debit,Mumbai,2025-10-07 10:43:12.372919
T922,A81,31652,Bills,Credit,Mumbai,2026-04-08 10:43:12.372926
T923,A94,25809,Travel,Credit,Chennai,2025-10-07 10:43:12.372936
T924,A93,31155,Shopping,Debit,Bangalore,2025-07-11 10:43:12.372948
T925,A38,37785,Shopping,Debit,Bangalore,2025-10-20 10:43:12.372961
T926,A98,8529,Travel,Credit,Chennai,2025-06-19 10:43:12.372972
T927,A17,14816,Shopping,Credit,Chennai,2025-11-27 10:43:12.372983
T928,A58,48663,Travel,Credit,Bangalore,2025-06-08 10:43:12.372994
T929,A16,11238,Shopping,Credit,Bangalore,2025-10-20 10:43:12.373006
T930,A13,35398,Bills,Debit,Bangalore,2026-03-21 10:43:12.373074
T931,A30,23529,Food,Credit,Bangalore,2026-01-26 10:43:12.373092
T932,A23,5872,Food,Debit,Chennai,2025-11-05 10:43:12.373104
T933,A98,48344,Bills,Credit,Chennai,2025-07-10 10:43:12.373114
T934,A59,48619,Bills,Debit,Mumbai,2025-07-13 10:43:12.373125
T935,A44,35832,Travel,Debit,Bangalore,2026-01-14 10:43:12.373136
T936,A97,40005,Travel,Credit,Mumbai,2025-07-28 10:43:12.373146
T937,A2,17447,Travel,Debit,Chennai,2025-06-26 10:43:12.373157
T938,A36,17020,Shopping,Credit,Chennai,2025-06-28 10:43:12.373168
T939,A42,31922,Travel,Debit,Mumbai,2025-09-07 10:43:12.373180
T940,A39,46759,Bills,Credit,Bangalore,2025-05-22 10:43:12.373191
T941,A89,40208,Food,Debit,Bangalore,2025-04-24 10:43:12.373203
T942,A54,23663,Shopping,Credit,Bangalore,2026-03-09 10:43:12.373215
T943,A86,8067,Travel,Credit,Bangalore,2025-06-21 10:43:12.373250
T944,A38,45283,Shopping,Debit,Mumbai,2025-08-17 10:43:12.373266
T945,A14,11971,Shopping,Debit,Mumbai,2025-09-24 10:43:12.373274
T946,A3,28863,Travel,Debit,Chennai,2025-08-26 10:43:12.373281
T947,A92,12016,Shopping,Debit,Bangalore,2026-03-29 10:43:12.373288
T948,A85,8834,Food,Credit,Bangalore,2025-10-17 10:43:12.373295
T949,A24,33713,Bills,Debit,Bangalore,2025-08-21 10:43:12.373302
T950,A12,28279,Bills,Credit,Mumbai,2025-04-22 10:43:12.373309
T951,A81,35362,Food,Debit,Bangalore,2025-07-11 10:43:12.373316
T952,A32,12777,Shopping,Credit,Mumbai,2026-03-10 10:43:12.373323
T953,A15,18368,Travel,Credit,Bangalore,2025-05-19 10:43:12.373330
T954,A41,12430,Shopping,Credit,Bangalore,2025-11-09 10:43:12.373337
T955,A65,20833,Food,Credit,Chennai,2025-11-11 10:43:12.373344
T956,A54,38047,Shopping,Debit,Bangalore,2026-01-21 10:43:12.373351
T957,A98,27386,Bills,Debit,Bangalore,2025-06-02 10:43:12.373358
T958,A41,6710,Shopping,Credit,Chennai,2026-04-08 10:43:12.373365
T959,A33,6530,Food,Debit,Mumbai,2026-02-06 10:43:12.373372
T960,A29,40022,Bills,Debit,Mumbai,2026-02-03 10:43:12.373379
T961,A12,13928,Shopping,Credit,Bangalore,2025-05-09 10:43:12.373386
T962,A12,43013,Shopping,Debit,Mumbai,2025-10-01 10:43:12.373393
T963,A17,31597,Bills,Debit,Bangalore,2026-04-10 10:43:12.373400
T964,A31,39356,Travel,Debit,Chennai,2025-05-03 10:43:12.373406
T965,A95,36718,Bills,Credit,Chennai,2025-09-06 10:43:12.373413
T966,A98,49941,Travel,Debit,Bangalore,2025-10-26 10:43:12.373420
T967,A38,46432,Food,Credit,Chennai,2025-07-18 10:43:12.373427
T968,A45,26626,Food,Debit,Chennai,2026-03-12 10:43:12.373435
T969,A28,30258,Bills,Debit,Bangalore,2026-02-19 10:43:12.373442
T970,A61,25132,Bills,Debit,Bangalore,2026-02-13 10:43:12.373448
T971,A92,37946,Food,Credit,Chennai,2025-06-03 10:43:12.373455
T972,A61,45036,Travel,Credit,Mumbai,2025-12-17 10:43:12.373462
T973,A56,29894,Food,Debit,Mumbai,2025-11-07 10:43:12.373473
T974,A15,5548,Bills,Credit,Bangalore,2025-11-12 10:43:12.373480
T975,A55,28961,Food,Debit,Bangalore,2026-02-22 10:43:12.373487
T976,A9,28241,Bills,Credit,Mumbai,2026-02-01 10:43:12.373494
T977,A29,9174,Bills,Credit,Chennai,2025-10-08 10:43:12.373501
T978,A24,6506,Food,Debit,Mumbai,2025-07-09 10:43:12.373508
T979,A83,31923,Travel,Debit,Mumbai,2026-04-05 10:43:12.373516
T980,A4,23391,Shopping,Debit,Mumbai,2026-04-08 10:43:12.373523
T981,A64,41668,Food,Debit,Mumbai,2026-01-09 10:43:12.373530
T982,A93,32103,Shopping,Credit,Bangalore,2025-11-15 10:43:12.373537
T983,A48,46951,Food,Credit,Bangalore,2025-05-15 10:43:12.373544
T984,A2,34506,Shopping,Credit,Chennai,2025-12-16 10:43:12.373552
T985,A44,23412,Travel,Debit,Chennai,2025-04-26 10:43:12.373558
T986,A13,43208,Travel,Debit,Chennai,2025-07-14 10:43:12.373565
T987,A29,1482,Food,Credit,Chennai,2025-12-31 10:43:12.373573
T988,A67,34271,Bills,Debit,Mumbai,2025-05-21 10:43:12.373580
T989,A17,41879,Shopping,Credit,Bangalore,2025-04-28 10:43:12.373587
T990,A61,3392,Bills,Credit,Bangalore,2025-11-25 10:43:12.373594
T991,A36,41879,Bills,Credit,Chennai,2025-09-16 10:43:12.373601
T992,A24,33287,Bills,Credit,Chennai,2025-11-09 10:43:12.373608
T993,A47,12511,Travel,Credit,Mumbai,2025-12-13 10:43:12.373615
T994,A64,37385,Food,Debit,Mumbai,2025-06-10 10:43:12.373621
T995,A52,15522,Food,Debit,Chennai,2025-05-23 10:43:12.373629
T996,A78,42568,Travel,Debit,Bangalore,2025-11-21 10:43:12.373636
T997,A72,32471,Travel,Credit,Bangalore,2026-03-15 10:43:12.373642
T998,A14,5793,Food,Credit,Bangalore,2025-10-29 10:43:12.373649
T999,A48,33635,Bills,Credit,Chennai,2026-03-29 10:43:12.373656
